idx,db_id,iro,time_horizon,direction,final_score,base_score,impact_score,scale,scope,probability,irreversibility,fin_scale,fin_prob,financial_score,polarity,confidence,similarity,issue_group,domain,sub_issue_name,text
1,202,리스크_장기,장기,리스크,0.2491,0.321,0.2355,1,1,2,1,1,1,0.1811,negative,0.5434,0.5907766819000244,안전보건,S,사업장 안전보건 관리체계,"한국선급(KR)은 미국 휴스턴에서 열린 가스텍 2024에서 HD현대중공업과 위험성 평가를 통한 진보된 암모니아 연료 공급 시스템 개발 에 관한 업무협약을 17일 체결했다고 18일 밝혔다. HD현대중공업은 암모니아 운반선에 암모니아 연료를 적용하기 위한 주요 시스템 배치를 설계하고, KR은 암모니아 연료 공급 시스템에 대한 위험성 평가를 수행해 개념 승인(AIP)을 수여할 계획이다."
2,203,리스크_장기,장기,리스크,0.2347,0.3307,0.183,1,1,1,1,1,1,0.183,negative,0.549,0.6022871732711792,에너지 관리,E,신재생에너지 전환,프랑스의 거대 에너지기업 토탈에너지스(TotalEnergies)와 인도 최대 재생에너지 기업인 아다니 그린(Adani Green Energy Limited)이 합작회사를 설립했다. 로이터는 두 회사가 인도 구자라트주의 카브다에 위치한 태양광 합작회사 설립 계약을 체결했다고 보도했다. 합작회사는 최대 1575메가와트(MW) 규모의 태양광 발전 프로젝트를 구축하게 된다. 로이터는 이번 합작투자가 인도의 재생에너지 시장을 겨냥한 두 회사의 전략적 제휴를 강화하는 동시에 인도의 청정 에너지 목표 달성에 기여할 것이라고 보도했다.
3,204,리스크_단기,단기,리스크,0.218,0.2825,0.1832,1,1,1,1,1,1,0.1832,negative,0.5496,0.5139468908309937,기후변화·온실가스,E,Scope 3 배출량,"독일 연방환경청(UBA)은 석유기업들이 중국의 기후 프로젝트를 통해 생성한 탄소크레딧 21만5000톤을 인정하지 않겠다고 발표했다. 바이오연료 생산기업들이 1년 전 해당 프로젝트에 대해 그린워싱 문제를 지적했는데, 정부가 이를 받아들인 결과다. 문제가 된 프로젝트들은 바이오 연료보다 상대적으로 저렴한 업스트림 배출 감축(UER) 프로젝트라고 로이터 통신은 전했다."
4,205,리스크_단기,단기,리스크,0.2176,0.284,0.1819,1,1,1,1,1,1,0.1819,negative,0.5458,0.5203559994697571,인적자원 관리,S,다양성 및 형평성 (DEI),"정치가 ESG에 영향을 미치면서 기업 내 다양성, 포용성 이슈를 없애는 기업들이 늘었다. 로이터통신은 기업 성명서를 검토한 결과, JP 모건 체이스(JP Morgan Chase)를 포함한 최소 6개 주요 미국 기업이 2024년에 DEI 정책을 수정한 것으로 나타났다고 보도했다. 미국의 가정용품 소매업체 기업인 로우즈(Lowe s)는 회사 내부 문서를 통해, 더 이상 LGBTQ 권익 옹호 단체인 인권 캠페인(HRC)에 대한 설문 조사에 참여하지 않는다고 전했다. 할리 데이비슨(Harley-Davidson)은 성명을 통해, 데이비슨은 현재 DEI 기능 이 없으며 2024년 4월 이후로 그러한 프로그램을 운영하지 않았다고 말했다."
5,206,리스크_단기,단기,리스크,0.2208,0.225,0.1845,1,1,1,1,1,2,0.2583,negative,0.5536,0.40651625394821167,기후변화·온실가스,E,Scope 3 배출량,"인도네시아 정부가 니켈 투자를 촉진하는 데 역량을 집중했다. 자국 경제 성장을 촉진하기 위해 니켈 다운스트림 프로그램을 계속해서 장려한다는 방침이다. 에릭 토히르 인도네시아 국영기업부 장관은 자신의 인스타그램 계정을 통해, 인도네시아 자카르타에서 로산 로슬라니 인도네시아 투자부 장관 겸 투자조정위원회(BKPM) 위원장을 만나 인도네시아 니켈 투자와 니켈 다운스트림 개발에 대해 논의했다고 밝혔다."
6,207,리스크_장기,장기,리스크,0.2217,0.2959,0.1817,1,1,1,1,1,1,0.1817,negative,0.545,0.542996346950531,에너지 관리,E,신재생에너지 전환,"신성이엔지는 쌍용건설과 12MW 규모 태양광 모듈 공급 계약을 체결했다고 2일 밝혔다. 이번 계약은 단일 모듈 수출로는 최대 규모이며, 창사 이래 첫 수출 사례이다. 본격적인 해외시장 진출을 위한 첫걸음으로 평가됐다. 계약에 따라 신성이엔지는 오는 10월까지 12MW 규모 태양광 모듈을 쌍용건설에 공급한다. 쌍용건설은 해당 모듈을 중남미 아이티의 카라콜 산업단지에 구축되는 태양광 발전소 프로젝트에 사용하게 된다."
7,208,리스크_장기,장기,리스크,0.2922,0.3842,0.2935,1,1,3,1,1,1,0.1834,negative,0.5503,0.6981170773506165,기후변화·온실가스,E,Scope 3 배출량,총 외부 배출량을 의미하는 스코프 3(Scope 3) 관리 방안을 두고 논란이 확산됐다. 블룸버그는 과학기반 감축목표 이니셔티브(SBTi)가 발표한 탄소 상쇄 인정 정책이 결국 빅오일의 승리 이자 에너지 전환 실패로 이어질 것이라고 보도했다. SBTi가 당장 탄소 상쇄를 허용하지는 않을 것으로 보여졌다. 실제로 SBTi가 발표한 중간 보고서를 보면 다양한 종류의 탄소 상쇄권들이 의도된 기후위기 완화 효과성을 입증하지 못하고 있다 고 명시했다. SBTi는 올해 말 기업 넷제로 표준 개정안을 마련해 2025년에는 확정할 계획이다.
8,209,리스크_단기,단기,리스크,0.2336,0.2624,0.1841,1,1,1,1,1,2,0.2577,negative,0.5522,0.4751613140106201,에너지 관리,E,신재생에너지 전환,"김동연 경기지사가 임기 후반기 역점 정책으로 주 4.5일 근무제, 저소득층 노인 간병비 지원, 재생에너지 이익 공유제 등을 도입했다. 김 지사는 14일 열린 민선8기 후반기 중점과제 발표 기자 간담회 에서 중점과제로 기회 돌봄 기후 평화 등 4개 경제 분야의 신규 사업 구상을 발표했다. 기회 분야에서는 노동시간 단축과 저출생 대책으로 임금 삭감 없는 주 4.5일제 와 경력단절 없는 0.5 0.75잡 프로젝트를 내년에 시범사업으로 추진한다. 돌봄 분야에서는 경기도형 간병 SOS 프로젝트 를 시행한다. 기후위기 대응책으로는 RE100 펀드 조성, 기후위성 발사, 기후보험 가입 등을 추진한다."
9,210,리스크_단기,단기,리스크,0.3169,0.3108,0.1842,1,1,1,1,3,2,0.4788,negative,0.5525,0.5625430941581726,에너지 관리,E,신재생에너지 전환,"올해 초 인도 재벌 아다니 그룹이 재생에너지에 31조원을 투자한다고 발표했다. 아다니 그룹의 라이벌인 릴라이언스도 이에 질세라 분주하게 움직이고 있다. 로이터의 보도에 의하면, 릴라이언스가 인도 최대 재생에너지 프로젝트 개발업체가 되는 것을 목표로 한다. 2030년까지 100GW의 재생에너지 설비 구축을 목표로 하는 릴라이언스는 잠나가르에 있는 10GW 규모의 태양광 발전(PV) 기가팩토리에서 저가형 태양광 셀과 모듈을 만드는 데 사용되는 잉곳과 웨이퍼 생산을 시작할 예정이다."
10,211,리스크_장기,장기,리스크,0.1922,0.2166,0.179,1,1,1,1,1,1,0.179,negative,0.5369,0.40344637632369995,인적자원 관리,S,다양성 및 형평성 (DEI),"이어 폐기물 재활용(1.76점), 육아휴직(1.72점), 장애인 고용(1.62점), 사회공헌(1.24점) 순으로 나타났다."
11,212,리스크_단기,단기,리스크,0.345,0.3331,0.343,3,1,2,1,2,2,0.3611,negative,0.5416,0.6150517463684082,에너지 관리,E,신재생에너지 전환,LS일렉트릭이 초고압 전력기기 사업 확대를 위해 1000억원을 투자한다. 전 세계적으로 신재생에너지 증가와 노후 전력망 교체로 급증하고 있는 초고압 전력기기 수요에 적극 대응하기 위해서다. LS일렉트릭은 13일 이사회에서 부산사업장의 초고압 변압기 시설 투자를 위해 205억원을 추가 투자하는 안건을 의결했다고 공시했다. 이번 투자에 따른 라인 최적화 및 비용 절감을 통해 2027년부터는 총 7000억원 규모로 캐파 가 늘어날 것으로 전망됐다.
12,213,리스크_장기,장기,리스크,0.2354,0.2064,0.3099,1,3,2,1,1,1,0.1823,negative,0.5469,0.37732115387916565,에너지 관리,E,신재생에너지 전환,"삼성물산 상사부문이 미국에서 본격적으로 전기차 충전 사업에 뛰어들었다. 이를 위한 별도 법인까지 설립했다. 2일 업계에 따르면, 삼성물산은 지난 4월 미국 델라웨어주에 삼성물산 차징 솔루션 이라는 별도 법인을 설립했다. 이 법인은 미국 법인인 삼성물산 아메리카 의 산하 계열사로 미국 내 전기차 충전 사업을 전담한다. 삼성물산이 전기차 충전 사업을 시작하면서 기존에 진행 중인 태양광 발전 및 ESS 개발 사업 등 다른 신재생 에너지 사업과의 연계도 예상됐다."
13,214,리스크_장기,장기,리스크,0.2955,0.3742,0.3125,1,3,2,1,1,1,0.1838,negative,0.5515,0.6785643100738525,기후변화·온실가스,E,Scope 3 배출량,"도이치 은행은 글로벌 화학기업 바스프(BASF)의 첫 ESG 연계 공급망 금융지원(Sustainable Supply Chain Finance, SSCF) 프로그램을 출범했다. BASF는 중국을 중심으로 아시아의 협력사에게 금융지원 프로그램을 제공하고 있었으나, 이를 ESG 성과와 연계하는 지속가능 금융지원 형태로 전환했다. 이를 통해 BASF는 협력사의 지속가능성을 장려하고 스코프 3(Scope 3 공급망간접배출) 배출 감축을 도모하겠다고 밝혔다. 바스프는 대표적인 공급망 지속가능성 평가업체 에코바디스(EcoVadis)를 통해 협력사의 ESG 성과를 측정할 예정이다."
14,215,리스크_장기,장기,리스크,0.3443,0.2967,0.3447,3,1,2,1,3,1,0.3992,negative,0.5443,0.5451354384422302,에너지 관리,E,신재생에너지 전환,"거대 에너지 기업 셰브론이 아이오와에 있는 바이오 디젤 공장의 전력을 태양광 패널로 43% 대체하는 작업을 시작했다. 영국의 지속가능성 미디어 환경리더에 의하면, 이 프로젝트는 2028년까지 저탄소 계획에 80억달러(약 11조원), 특히 탄소 감소 프로젝트에 20억달러(약 2조7830억원)를 투자하려는 셰브론의 전략이다. 이 작업을 실제로 실행하는 기업은 셰브론 재생에너지 그룹(Chevron Renewable Energy Group)이다. 셰브론 재생에너지 그룹은 아이오와의 메이슨 시티(Mason City)에 있는 바이오디젤 생산 시설의 대대적인 개선에 착수했다."
15,216,리스크_단기,단기,리스크,0.2223,0.2946,0.1833,1,1,1,1,1,1,0.1833,negative,0.55,0.5357033610343933,인적자원 관리,S,다양성 및 형평성 (DEI),"해외 기업들이 미국 공화당과 일부 자산 관리자들의 압박을 못 이기고 다양성과 환경 관련 조치를 철회하고 있는 것으로 나타났다. 파이낸셜타임스(FT)는 어드밴스드 마이크로 디바이시스를 포함한 약 12개 기업이 올해 임원 인센티브 계획에서 다양성 형평성 포용성(DEI) 기준을 제외했다고 보도했다. 이들 12개 기업은 도널드 트럼프 전 대통령의 지지자인 비벡 라마스와미가 설립한 반ESG 자산운용사 스트라이브의 압력으로 임원 보수 계획에서 ESG 인센티브를 제외한 60개 기업 중 일부이기도 하다. 매트 콜 스트라이브 최고경영자(CEO)는 기업들이 DEI와 ESG 측정 기준에서 벗어나는 움직임을 환영하며, 이 결정이 임원 인센티브 제도를 개선했다 고 말했다."
16,217,리스크_장기,장기,리스크,0.1626,0.132,0.179,1,1,1,1,1,1,0.179,negative,0.5369,0.24591366946697235,인적자원 관리,S,다양성 및 형평성 (DEI),"공화당의 기업 DEI 이니셔티브에 대한 압력이 증가하는 가운데, 기업들은 이를 축소하기 위해 서두르고 있다."
17,218,리스크_장기,장기,리스크,0.2522,0.3104,0.2544,1,3,1,1,1,1,0.1817,negative,0.5451,0.569499671459198,에너지 관리,E,신재생에너지 전환,"태양광 발전 패널도 시장 가격을 실시간으로 평가받게 됐다. S P글로벌은 미국, 유럽, 아시아의 태양광 발전 패널에 대한 일별 현물시장 가격 평가를 최초로 시작했다고 밝혔다. S P글로벌은 태양광 기술이 점차 상품화되면서 태양광 모듈 가격이 투명하게 공개되도록 하기 위해 이 서비스를 시작했다고 설명했다."
18,219,리스크_단기,단기,리스크,0.2816,0.4054,0.1815,1,1,1,1,1,2,0.2541,negative,0.5446,0.744422197341919,기후변화·온실가스,E,기후 거버넌스·인벤토리,"SK에코플랜트의 기업 탄소관리 플랫폼 웨이블 디카본(WAYBLE decarbon)이 한국경영인증원(KMR)으로부터 국내 첫 GIS(온실가스 인벤토리 시스템) 인증을 획득했다고 밝혔다. GIS 인증은 탄소배출량 산정 시스템의 적합성을 검증하는 인증체계로, SK에코플랜트는 배출계수 산정방법, 배출량 산정 근거, 데이터의 적합성 등 심사를 통과해 인증을 취득했다. 이번 인증으로 웨이블 디카본의 고객은 탄소배출량 산정 작업의 효율성 증대와 더불어 온실가스 배출 검증과정에서 비용과 시간 부담도 줄일 수 있을 것으로 기대된다."
19,220,리스크_단기,단기,리스크,0.3124,0.3498,0.3257,1,2,3,1,1,2,0.2533,negative,0.5428,0.6443681120872498,에너지 관리,E,신재생에너지 전환,"수소-석탄 혼소 발전이 재생에너지로 생산한 전기를 100% 쓴다 는 재생에너지100(RE100) 인증에서 제외될 것으로 보여졌다. 수소-석탄을 섞어 발전하는 게 RE100 기준에 맞지 않다는 뜻이다. 우리나라 기업들이 추진하는 다양한 형태의 혼소 발전에도 영향을 줄 것으로 전망됐다. 15일 탄소정보공개프로젝트(CDP) 한국위원회 등에 따르면, 이 위원회 김태한 수석연구원은 산업통상자원부와 한국에너지공단이 주최한 자발적 재생에너지 정책 설명회 에서 2024년 RE100 기술기준 개정을 위한 의견 수렴 결과 대다수가 수소-석탄 혼소 발전에 부정적 의견을 보였다 고 밝혔다. 이에 따라 올해 말 이사회를 통해 최종 확정될 새로운 RE100 기술 기준에서는 수소-석탄 혼소 발전을 제외할 것으로 예상됐다."
20,221,리스크_단기,단기,리스크,0.3397,0.2927,0.365,3,3,1,1,2,2,0.365,negative,0.5475,0.5345603823661804,에너지 관리,E,신재생에너지 전환,"신한자산운용이 미국 민자발전사업자(Independent Power Producer, IPP)인 엔피니티 글로벌(Enfinity Global)의 일본 태양광 프로젝트에 자금을 지원했다. 프로젝트 규모는 250MW(메가와트)에 이른다. 엔피니티 글로벌은 신한자산운용과 맥쿼리 캐피탈이 주도하는 신디케이트 파트너십을 통해 1억6400만달러(약 2270억원)의 자금을 조달했다고 밝혔다. 이번 자금은 엔피니티 글로벌이 일본에서 추진 중인 250MW 규모 태양광 발전 프로젝트에 투입된다."
21,222,리스크_단기,단기,리스크,0.3492,0.3467,0.401,3,1,3,1,2,1,0.2916,negative,0.5468,0.6339974403381348,에너지 관리,E,신재생에너지 전환,"기후솔루션은 한국서부발전이 재생에너지 녹색채권으로 조달한 자금을 가스발전에 사용하는 등 거짓 기재했다며, 자본시장과 금융투자업에 관한 법률 위반 혐의로 금융감독원에 4일 신고했다. 기후솔루션에 따르면, 서부발전은 신재생에너지 사업 투자 목적으로 2회에 걸쳐 3200억원 규모의 녹색채권을 발행해 조달한 자금을 전액 가스 열병합발전소 건설에 투입했다. 서부발전은 한국형 녹색분류체계 가이드라인에 따르면, LNG 및 혼합가스 기반 발전설비도 녹색채권 투자대상 이라며 52회 집행내역은 발행시점인 2022년 5월 자금집행이 미확정인 상황에서 향후 변경가능성을 고려해 작성된 것으로, 당사 및 한국거래소 홈페이지 사후보고서에는 김포열병합 건설사업에 사용한 것으로 공시했다 고 입장을 냈다."
22,223,리스크_장기,장기,리스크,0.2278,0.2631,0.2337,1,1,2,1,1,1,0.1797,negative,0.5392,0.4880341589450836,ESG 데이터 거버넌스,G,ESG 데이터 내부통제,"한국지속가능성인증협회(KOSRA, Korea Sustainability Reporting Assurance Association)가 17일 한국프레스센터에서 창립총회를 열고 공식 출범했다."
23,224,리스크_단기,단기,리스크,0.3389,0.2755,0.3814,3,2,2,1,2,2,0.3633,negative,0.5449,0.5056435465812683,에너지 관리,E,신재생에너지 전환,"한국수출입은행(이하 수은)이 호주 희토류 광산 개발사업에 프로젝트파이낸싱(PF) 방식으로 대출 7500만달러(약 1036억원), 보증 7500만달러(약 1036억원) 등 총 1억5000만달러(약 2073억원)를 지원했다. 3일 수출입은행에 따르면, 호주 희토류 광산 개발사업은 아라푸라사가 호주 중북부 노던준주의 앨리스스프링스 인근 지역에서 희토류를 개발하는 프로젝트다. 수은의 금융지원으로 전기차와 신재생에너지 제조공정에 필요한 희토류의 일종인 네오디뮴-프라세오디뮴(NdPr) 산화물을 연간 1500톤 정도 규모로 최대 12년간 우리 기업에 공급할 수 있을 것으로 전망됐다."
24,225,리스크_단기,단기,리스크,0.3347,0.3543,0.2906,3,1,1,1,2,2,0.3632,negative,0.5448,0.6503869891166687,에너지 관리,E,신재생에너지 전환,"LS일렉트릭이 국내 최대 규모 간척지 태양광발전소 구축 사업자로 선정되며 신재생에너지 발전 시장 공략에 재시동을 걸었다. LS일렉트릭 컨소시엄(LS일렉트릭 탑솔라)은 최근 GS에너지 자회사 지에스당진솔라팜과 사업비 약 1062억원 규모, 발전용량 120메가와트( )급 태양광발전소 구축 EPC(설계 조달 시공) 사업 계약을 체결했다고 26일 밝혔다. LS일렉트릭에 따르면, 이번 사업은 지에스당진솔라팜이 충남 당진시 석문면에 대호만 방조제 건설로 조성된 간척지 100만 부지에 120 급 태양광 발전소를 구축하는 프로젝트다. 국내 최대 규모로 사업기간은 내년 12월까지다."
25,226,리스크_장기,장기,리스크,0.2326,0.3292,0.1806,1,1,1,1,1,1,0.1806,negative,0.5417,0.6077807545661926,에너지 관리,E,신재생에너지 전환,"한화솔루션 큐셀부문(이하 한화큐셀)이 국내 기업의 재생에너지 확대와 RE100 달성을 지원하는 에너지컨설팅 사업을 본격적으로 전개한다. 한화큐셀은 국내 사업장을 보유한 재생에너지 수요 기업을 대상으로 에너지 컨설팅부터 주요 기자재(태양광 모듈 인버터) 공급, 시공, 금융, 연계 사업에 이르는 토털 솔루션을 제공한다고 밝혔다. 한화큐셀은 태양광 제조 역량을 발판 삼아 한국에서도 그린에너지 확대를 돕는 원스톱 솔루션을 제공하는 에너지 기업으로 나아갈 방침이다."
26,227,리스크_장기,장기,리스크,0.2563,0.2833,0.2923,3,1,1,1,1,1,0.1827,negative,0.548,0.5170152187347412,에너지 관리,E,신재생에너지 전환,"효성중공업은 미국 테네시주 멤피스와 경남 창원에서 각각 운영하는 초고압변압기 공장을 증설한다고 밝혔다. 약 1000억원을 투자해 총 생산능력을 40% 확대한다는 계획이다. 신재생에너지 발전 수요와 AI, 전기차, 반도체 산업의 급부상으로 세계 각국에서 전력망 인프라 수요가 늘어난 데 따른 결정이다."
27,228,리스크_단기,단기,리스크,0.2474,0.3029,0.1837,1,1,1,1,1,2,0.2571,negative,0.551,0.549813449382782,에너지 관리,E,신재생에너지 전환,삼성물산이 카자흐스탄에 태양광 발전 및 에너지 저장 시설 등 재생에너지(RES) 사업 진출을 도모했다. 카자흐스탄 투자위원회는 정승찬 현지 법인장과 가비돌라 오스판쿨로브 투자위원회 위원장의 회담을 통해 이 같은 내용의 협력 방안을 논의했다고 밝혔다. 양측은 이번 회담을 통해 에너지 분야 협력을 강화하고 향후 프로젝트 실행을 위한 구체적인 방안을 논의하기로 합의했다.
28,229,리스크_단기,단기,리스크,0.265,0.3494,0.1853,1,1,1,1,1,2,0.2595,negative,0.556,0.6284378170967102,에너지 관리,E,신재생에너지 전환,"SK에코플랜트가 올해 베트남 산업단지 내 지붕 태양광(Roof Top Solar) 조성 사업에 본격적으로 나섰다. 태양광 전력 생산은 물론 탄소배출권 확보를 통해 부가가치 창출에도 속도를 내겠다는 방침이다. SK에코플랜트는 베트남 산업단지를 중심으로 자가소비형 지붕 태양광 발전설비 보급을 확대해 나갈 계획이다. 또, SK에코플랜트와 한국지질자원연구원이 윤석열 대통령의 카자흐스탄 순방 길에 동행해 리튬 광구 개발 등 핵심 광물 자원 확보와 에너지 분야 사업 협력을 논의했다."
29,230,리스크_단기,단기,리스크,0.3162,0.3026,0.29,3,1,1,1,2,2,0.3625,negative,0.5438,0.5565390586853027,에너지 관리,E,신재생에너지 전환,KB국민은행이 미국 재생에너지 기업 베스퍼에너지(Vesper Energy)에 자금을 지원했다. 기후변화에 대응하기 위한 ESG 금융을 지속해서 확대하는 모습이다. 베스퍼에너지는 5억9200만달러(약 8200억원) 규모 신디케이트론(집단대출) 조달을 완료했다고 밝혔다. 베스퍼에너지는 이번에 조달한 자금을 텍사스 북서부 스위셔 카운티에 개발 중인 태양광 발전 사업에 투입할 방침이다.
30,231,리스크_장기,장기,리스크,0.2982,0.3963,0.237,1,1,2,1,1,2,0.2553,negative,0.547,0.7245737314224243,에너지 관리,E,에너지 소비 및 효율화,"산업통상자원부는 31일 제11차 전력수급기본계획(이하 전기본) 실무안을 공개하며, 신재생에너지와 원자력 발전의 중장기적 확대 방안을 제시했다. 이번 계획은 무탄소 에너지 비중을 높이고, 국가 온실가스 감축 목표(NDC) 달성을 위해 중요한 정책적 전환을 예고했다. 특히, 무탄소 전원 비중을 70%까지 끌어올려 전력 공급의 안정성을 확보하면서도 환경적 지속가능성을 추구하는 것이 이번 계획의 핵심이다. 이를 위해 태양광 및 풍력 설비의 대폭 확대, 수소 발전의 적극적인 도입, 에너지 효율 개선을 위한 다양한 정책이 함께 추진된다."
31,232,리스크_장기,장기,리스크,0.2707,0.2612,0.3585,3,3,1,1,1,1,0.1793,negative,0.5378,0.4856570065021515,이사회 구조,G,이사회 구성 및 독립성,"금융권 여성 사외이사 비율이 20%에 불과한 것으로 나타났다. 지난해보다 소폭 증가했지만 전체 사외이사 수가 증가함에 따라 여성 사외이사가 늘어났다는 지적이 나왔다. 이사회 다양성은 다양한 이해관계자들의 시각을 반영하는 만큼 지배구조(G) 강화에 필수 요건이지만, 금융권은 ESG 추세에 역행하고 있다는 지적이다. 23일 금융감독원 전자공시시스템에 따르면, 16개 금융지주와 은행의 이사회를 분석한 결과, 지난 1분기 기준 전체 100명의 사외이사 중 여성은 20명에 불과했다. 비율로는 20%였다."
32,233,리스크_단기,단기,리스크,0.3318,0.3485,0.2894,3,1,1,1,2,2,0.3618,negative,0.5427,0.6421219706535339,에너지 관리,E,신재생에너지 전환,"산업부가 신재생에너지 핵심기술 고도화를 통해 온실가스를 감축하고자 풍력, 수소, 연료전지 관련 연구개발사업에 총 649억7500만원을 투입한다. 산업부는 이 같은 내용을 골자로 하는 2024년도 제2차 신재생에너지R D 신규지원대상 연구개발과제 의 신청 접수를 6월 3 24일까지 받는다고 24일 밝혔다. 구체적으로 풍력(5개 과제 279억원) 수소(5개 과제 138억원) 연료전지(3개 과제 96억7500만원) 중소형급 무탄소 가스터빈 발전기술개발 및 실증(2개 과제 20억원) 차세대 태양전지 실증사업(1개 과제 10억원) 태양광(5개 과제 106억원) 등 분야서 총 26개 과제가 추진된다."
33,234,리스크_단기,단기,리스크,0.3127,0.3086,0.3655,2,3,2,1,1,2,0.2558,negative,0.5482,0.5629041194915771,에너지 관리,E,신재생에너지 전환,"고려아연이 자회사 아크에너지를 통해 호주 뉴잉글랜드 지역에 340메가와트(MW)급 풍력발전 단지 조성을 추진하는 것으로 나타났다. 고려아연이 신사업으로 추진 중인 그린수소사업 강화의 일환으로, 호주 현지 내 신재생에너지 생산에 상당한 보탬이 될 것으로 전망됐다. 16일 투자은행(IB) 업계에 따르면, 아크에너지는 뉴사우스웨일스(NSW)주 뉴잉글랜드의 아미데일(Armidale) 지역에 풍력발전소 프로젝트 도우보이 윈드팜(Doughboy Wind Farm) 개발을 추진 중이다."
34,235,리스크_단기,단기,리스크,0.2519,0.2678,0.235,1,1,2,1,1,2,0.253,negative,0.5422,0.4938787519931793,에너지 관리,E,신재생에너지 전환,"미국 연방 에너지규제위원회(FERC)가 바이든 정부의 친환경 에너지 인프라 구축 계획의 핵심으로 꼽히는 전력망 강화 계획을 승인했다. FERC는 찬반투표를 거쳐, 미국 전역의 전력 공급을 안정화해 친환경 에너지 수요에 대응하기 위한 개혁 안건이 통과됐다고 밝혔다. 뉴욕타임스는 이번 전력망 개혁안에 따라 풍력 및 태양광 발전소와 고전압 전선을 연결하는 일이 쉬워질 것이라고 전망했다."
35,236,리스크_장기,장기,리스크,0.2199,0.2889,0.1828,1,1,1,1,1,1,0.1828,negative,0.5485,0.526631772518158,에너지 관리,E,신재생에너지 전환,"15일 관계부처에 따르면, 산업부는 이르면 다음주 신규 원전 건설 방향 등을 담은 11차 전력수급기본계획(전기본) 초안을 공개한다고 밝혔다. 이번 11차 전기본에는 2024년부터 2038년까지의 전력수급계획이 담겼다. 이번 전기본 발표의 핵심은 신규 원전 건설 여부다. 정부는 당초 11차 전기본에 총 10기의 기존 원전 계속운전과 신규 원전 2 4기 건설을 포함하고, 신재생에너지 보급 속도를 조절하는 내용을 계획한 것으로 알려졌다. 그러나 총선 이후엔 여소야대 국회에서 야당과의 협치를 이유로 원전 확대보단 신재생에너지 확대 정책에 무게가 실릴 것이라는 관측이 나왔다."
36,237,리스크_장기,장기,리스크,0.258,0.2727,0.3088,1,3,2,1,1,1,0.1816,negative,0.5449,0.5004301071166992,에너지 관리,E,신재생에너지 전환,"한미 양국이 중국산 저가 태양광 제품에 공동 대응하기로 한 가운데, 우리 정부가 탄소 장벽 을 앞세워 중국산 패널에 대한 금융 지원을 차단하기로 했다. 7일 산업통상자원부 등에 따르면, 한국에너지공단을 통해 진행되는 신재생에너지 금융 지원 사업의 자격 요건이 대폭 강화됐다. 막대한 보조금을 등에 업고 물량 공세를 펴고 있는 중국산 저가 태양광으로 인해 국내 무탄소에너지 생태계가 붕괴할 수 있다는 우려에서라는 설명이다. 준조세 성격인 전력산업기반기금이 중국 제품에 대거 지원되는 것을 막아야 한다는 산업계의 주장에 정부가 호응한 것이라는 평가도 나왔다."
37,238,리스크_장기,장기,리스크,0.2637,0.2932,0.2393,1,1,2,1,1,2,0.2577,negative,0.5522,0.5309956073760986,인적자원 관리,S,다양성 및 형평성 (DEI),"해양수산부는 해양생물 다양성의 체계적인 보전과 지속 가능한 이용을 위해 해양생물 다양성 보전대책 을 마련하고, 18일 국무총리 주재로 열린 제37회 국정현안 관계장관회의 에서 발표했다. 해수부는 보전과 지속 가능 이용을 통한 해양생물다양성 가치 실현 이라는 비전 아래 해양생물 다양성 보전 및 증진 해양생물 다양성 위험요인 관리 해양생물 다양성 지속 가능한 이용 국제협력 및 인식증진 등 네 가지 전략을 담았다. 이외에도 국제협력 강화를 위해 생물다양성 협약, 람사르 협약 등 관련 국제협약을 충실히 이행하고, 도서국 대상 해양생물 다양성 역량 강화 공적 개발 원조(ODA) 사업도 추진할 계획이다."
38,239,리스크_장기,장기,리스크,0.2533,0.3233,0.182,1,1,1,1,1,2,0.2548,negative,0.5459,0.5922780632972717,에너지 관리,E,신재생에너지 전환,"현대자동차그룹이 미국 조지아주에 건설 중인 전기차 전용 공장을 재생에너지로 운영하기 위해 147메가와트( ) 규모 태양광 발전 전력구매계약을 체결했다고 22일 밝혔다. 현대차그룹은 스페인 재생에너지 개발업체 매트릭스 리뉴어블스 가 주도하는 태양광 발전 프로젝트와 15년(2025 2040년) 장기 전력구매계약(PPA)을 체결했다. 이는 국내 기업이 미국 사업장의 재생에너지 사용을 위해 체결한 PPA 중 최대 규모다. 향후 에너지 조달을 통해 기대되는 탄소 저감 효과는 연간 약 14만톤으로 추산되는데, 이는 준중형세단 8만4000여대가 1년간 배출하는 탄소를 흡수하는 것과 동일하다."
39,240,리스크_장기,장기,리스크,0.3107,0.2784,0.3614,3,3,1,1,2,1,0.2891,negative,0.5421,0.5135031938552856,에너지 관리,E,신재생에너지 전환,"고려아연이 호주에 위치한 풍력발전소에 7억5300만호주달러(약 6787억원)를 투자하고 신재생에너지 사업을 강화했다. 고려아연의 해외 자회사 아크에너지가 호주 퀸즐랜드주에 건설 중인 맥킨타이어 풍력발전소의 지분 30%에 대해 최종 투자를 결정했다고 21일 전했다. 이번 투자는 아크에너지의 계열사인 아크에너지 맥킨타이어를 통해 이뤄지며, 한화 약 6700억원 규모다. 이번 최종 투자 결정으로 아크에너지는 전체 923.4MW의 발전 용량 중 30%를 확보하게 됐다. 고려아연은 이를 호주자회사인 썬메탈(SMC)에 공급한다는 계획이다."
40,241,리스크_장기,장기,리스크,0.2073,0.2527,0.1828,1,1,1,1,1,1,0.1828,negative,0.5484,0.4607848823070526,인적자원 관리,S,다양성 및 형평성 (DEI),"올해 들어 미국 기업들이 연례 보고서에서 다양성, 형평성, 포용성(DEI) 을 언급하는 문구가 제거되고 있는 것으로 나타났다. DEI 프로그램이 추구하는 깨어있는(Woke 워크) 자본주의 에 대한 반발 심리가 커지자, 기업들이 선제적으로 대응했다는 분석이 나왔다. 월스트리트저널(WSJ)은 미국 기업들이 미국 증권거래위원회(SEC)에 제출한 10-K(연차보고서) 를 검토한 결과, DEI에 대한 장기 목표가 사라졌다고 분석했다. 기업들이 DEI를 축소하는 배경엔 정치적 갈등이 있었다. 사회적 갈등이 증폭되며 피로감을 호소하는 투자자들이 늘면서 워크 자본주의에 대한 반발심리가 증폭했다는 분석이다."
41,242,리스크_단기,단기,리스크,0.3157,0.2987,0.2913,3,1,1,1,2,2,0.3641,negative,0.5462,0.5468651652336121,에너지 관리,E,신재생에너지 전환,"고려아연은 내달 3일 자회사 아크에너지(Ark Energy)를 통해 스페인 신재생에너지기업 악시오나(Acciona)가 호주에 건설 중인 풍력발전소 지분 30%를 취득한다고 밝혔다. 취득 금액은 총 7억5300만호주달러(한화 약 6737억원)로, 오는 2025년까지 분할 납부할 예정이다. 회사 측은 신재생에너지 전력사업을 영위하기 위해 발전소 지분을 인수했다 며 취득 금액 및 일정은 양사 합의에 따라 일부 변동될 수 있다 고 설명했다."
42,243,리스크_단기,단기,리스크,0.2344,0.2651,0.1839,1,1,1,1,1,2,0.2575,negative,0.5517,0.4805062413215637,에너지 관리,E,신재생에너지 전환,"일본과 EU가 오는 4월부터 협력해 첨단 소재를 개발할 예정이라고 니혼게이자이신문이 보도했다. 양측은 전기자동차 배터리로 쓰일 수 있는 차세대 나트륨 이온 배터리, 반도체 재료 분야에서 협력할 것으로 기대됐다. 이외에도 태양광 발전 패널 효율을 높일 금속 나노 입자 개발도 논의 대상인 것으로 알려졌다. 니혼게이자이신문은 일본과 EU는 공동 연구개발 프로젝트를 늘려 나가는 동시에 정기적으로 협력 방안을 논의해 첨단 소재를 개발함으로써 중국에 대한 의존도를 낮출 예정 이라고 했다."
43,244,리스크_장기,장기,리스크,0.3848,0.3692,0.3263,3,2,1,1,3,2,0.4714,negative,0.5439,0.6788010597229004,에너지 관리,E,신재생에너지 전환,다자개발은행(MDB)이 동유럽 독립국가연합(CIS)을 중심으로 태양광 풍력 등 재생에너지 100% 사용(RE100) 프로젝트에 대대적으로 자금을 지원했다. 세계은행(WB)은 유럽 중앙아시아 지역 에너지 안보와 경제개발 역량을 강화를 위해 재생에너지 이니셔티브에 착수해 20억달러(약 2조7110억원) 규모의 자금 지원 계획을 승인했다고 밝혔다. 향후 10년 동안 단계적으로 추진되는 유럽 중앙아시아 재생에너지 스케일업(ECARES) 프로그램의 1단계 사업이다. 연간 6억5000만대 전기차를 충전할 수 있는 15GW규모의 재생에너지를 공급해 탄소배출량을 2억4000만톤 감축할 계획이다. WB 이사회가 승인한 ECARES 이니셔티브 첫 프로젝트 수혜국은 튀르키예다.
44,245,리스크_단기,단기,리스크,0.374,0.3741,0.2902,1,1,3,1,3,2,0.4716,negative,0.5442,0.6875109672546387,인적자원 관리,S,다양성 및 형평성 (DEI),내년부터 국민연금이 이사회 성별 다양성을 고려하지 않은 상장사에 대한 의결권 행사를 강화한다. 28일 국민연금 기금운용위원회는 2차 회의를 열고 수탁자 책임 활동에 관한 지침을 개정했다고 밝혔다. 이번 개정으로 국민연금은 내년 3월 이후 주주총회부터 시가총액 2조원 이상 상장사에 대한 의결권 행사 시 이사회의 성별 다양성을 고려한다. 향후 국민연금은 이사회 성별 다양성 관련 자본시장법 규정을 위반한 회사에 대해 이사 후보 추천 권한이 있는 이사회 위원장이 차기 이사로 선임되는 것을 반대할 수 있다.
45,246,리스크_장기,장기,리스크,0.2596,0.4004,0.1838,1,1,1,1,1,1,0.1838,negative,0.5514,0.7261258363723755,에너지 관리,E,신재생에너지 전환,"SK에코플랜트는 지난 26일 환경부와 폐배터리 재생원료 인증 시범사업 관련 협약식을 가졌다고 27일 밝혔다. 이번 사업은 전기차 배터리의 재생원료 사용 인증체계를 구축하는 것을 골자로 한다. 향후 폐배터리 인증체계를 국내 배터리 제조사 및 재활용사에 도입하는 것이 목표다. 또, SK에코플랜트는 베트남을 대표하는 신재생에너지 기업 BCGE(Bamboo Capital Group Energy)와 손잡고 700MW 규모의 태양광 및 풍력발전 프로젝트를 공동 개발한다고 22일 밝혔다. SK에코플랜트는 이 프로젝트의 사업 개발 단계부터 참여하며, 탄소배출권 확보에도 나설 계획이다."
46,247,리스크_장기,장기,리스크,0.2375,0.3415,0.1815,1,1,1,1,1,1,0.1815,negative,0.5444,0.6273168921470642,에너지 관리,E,신재생에너지 전환,영국의 거대 석유회사인 셸(Shell)이 기후 전환 로드맵과 목표를 간략하게 설명하는 에너지 전환 전략 2024(Energy Transition Strategy 2024) 를 발표했다. 지난 2021년에 출시한 파워링 프로그레스(Powering Progress) 전략을 처음으로 업데이트해 내놓은 것이다. 새롭게 수정된 전략에는 스코프 3 배출량을 줄이려는 셸의 첫 번째 임시 목표가 포함돼 있다. 셸은 2030년 스코프 3 저감 목표를 이전의 20%에서 15 20%로 다소 약화시켰다.
47,248,리스크_단기,단기,리스크,0.2598,0.2867,0.2369,1,1,2,1,1,2,0.2551,negative,0.5467,0.5243666768074036,에너지 관리,E,신재생에너지 전환,"지속가능성 미디어 ESG투데이(ESG Today)는 미국 재생에너지 개발 업체 프라이머지(Primergy)가 텍사스에서 개발 중인 408메가와트(MW) 규모의 태양광 발전 프로젝트의 향후 생산량에 대해 마이크로소프트와 전력구매계약(PPA)을 체결했다고 보도했다. 현재 텍사스주 힐 카운티에서 개발 중인 애쉬 크릭 태양광 프로젝트는 3480에이커의 부지를 대상으로 하며, 연간 약 9만 가구에 전력을 공급할 수 있는 양의 에너지를 생산할 전망이다."
48,249,리스크_장기,장기,리스크,0.2206,0.293,0.1816,1,1,1,1,1,1,0.1816,negative,0.5448,0.5378124117851257,에너지 관리,E,신재생에너지 전환,"재생에너지 인프라 투자자 엑셀시어 에너지 캐피털(Excelsior Energy Capital) 은 세계 최대 자산운용사 블랙록의 에버그린 인프라 파트너스 펀드(Evergreen Infrastructure Partners Fund)에 자사의 38개 태양광 및 에너지 저장 프로젝트 포트폴리오를 매각했다고 밝혔다. 엑셀시어는 보도자료를 통해, 회사의 초기 펀드인 엑셀시어 재생에너지 투자 펀드 I LP(Excelsior Renewable Energy Investment Fund I LP) 의 태양광 자산 포트폴리오를 블랙록에 매각했다고 밝혔다. 이 포트폴리오는 총용량 89메가와트(MWDC)의 태양광 및 배터리저장 분산발전 프로젝트로 구성돼 있다."
49,250,리스크_장기,장기,리스크,0.207,0.2548,0.1812,1,1,1,1,1,1,0.1812,negative,0.5437,0.4687124788761139,기후변화·온실가스,E,Scope 3 배출량,"LX인터내셔널이 인도네시아에 이어 호주에서도 리튬 광산 매입 준비에 착수했다. 향후 호주 광산을 매입한 이후에는 리튬 제조사와의 합작 투자도 진행할 예정이다. 이외에도 인도네시아에 니켈 광산을 추가 확보를 위한 물색 작업을 시작했다. 또, 제련소 구축을 위한 투자 절차에도 돌입한 상태다. 2차전지 핵심광물 공급망 경쟁이 심화하고 있는 상황에서 인도네시아와 호주 등 주요 광산 매입 등으로 업스트림(up-stream) 분야의 경쟁력을 확실히 다지겠다는 의도로 풀이됐다."
50,251,리스크_단기,단기,리스크,0.2346,0.2688,0.1825,1,1,1,1,1,2,0.2555,negative,0.5476,0.49088454246520996,에너지 관리,E,신재생에너지 전환,"석유 기업 셸의 자회사인 미국 태양광발전 사업자 사비온이 보유한 재생에너지 자산 매각을 추진하고 있다고 로이터통신이 보도했다. 로이터가 입수한 자료에 따르면, 셸은 현재 발전용량 10.6GW의 미국 북동부와 서부의 태양광 발전시설 및 에너지저장 시설 매각을 진행하고 있다. 매각 주간사는 투자은행 제프리스가 맡았다. 셸과 제프리스는 셸의 재생에너지 자산 매각에 관해 언급을 피했다. 로이터는 입수한 자료에 따르면, 사비온은 재생에너지 자산 매각 후 셸의 발전시장 전략 수행에 집중하게 될 것 이라고 밝혔다."
51,252,리스크_장기,장기,리스크,0.2503,0.2407,0.2555,1,3,1,1,1,2,0.2555,negative,0.5474,0.43969592452049255,에너지 관리,E,신재생에너지 전환,삼성물산이 미래 성장 동력으로 낙점한 태양광 개발 사업 확대에 박차를 가하고 있다. 삼성물산 상사부문인 자회사 카리나솔라를 통해 미국 인디애나 주 바르톨로뮤 카운티에 1886에이커(약 763만 평방미터) 규모의 태양광 발전 프로젝트를 추진한다. 이번 프로젝트는 삼성물산의 글로벌 친환경 에너지 기업으로서 도약을 본격화하는 계기가 될 것으로 기대됐다.
52,253,리스크_장기,장기,리스크,0.2247,0.251,0.2356,1,1,2,1,1,1,0.1812,negative,0.5437,0.46174076199531555,이사회 구조,G,이사회 구성 및 독립성,"기아가 다음 달 15일 정기 주주총회에서 여성 사외이사 비율이 50%를 넘어설 것으로 예상됐다. 기아의 사외이사진은 조화순 교수, 전찬혁 세스코 대표이사 회장, 신재용 서울대 경영학과 교수, 신현정 한국과학기술원(KAIST) 기계공학과 교수, 이인경 부사장으로 총 5명으로 구성될 예정이며, 이 중 3명이 여성이다."
53,254,리스크_단기,단기,리스크,0.3232,0.3197,0.2914,3,1,1,1,2,2,0.3643,negative,0.5464,0.5850726962089539,에너지 관리,E,신재생에너지 전환,"산업통상자원부가 올해 온실가스 국제감축 사업 지원 규모를 큰 폭으로 늘렸다. 산업통상자원부는 오는 19일 2024년 온실가스 국제감축 사업 공고를 한다고 18일 밝혔다. 올해 산업부의 지원 예산은 330억원으로 작년의 60억원에서 5.5배 늘어났다. 사업 한 건당 최대 지원액도 작년의 30억원에서 60억원으로 증액됐다. 정부는 해외에서 신재생에너지 설비 설치, 에너지 설비 고효율화 투자, 저탄소 설비 설치 등 사업을 진행하는 기업에 사업비의 50%까지 지원한다. 기업들은 향후 관련 사업을 통해 확보되는 온실가스 감축분으로 10년에 걸쳐 정부 지원금을 대신 갚게 됐다."
54,255,리스크_장기,장기,리스크,0.3243,0.3281,0.289,3,1,1,1,2,2,0.3612,negative,0.5418,0.6055554747581482,에너지 관리,E,신재생에너지 전환,"정부가 신재생에너지 사업을 위한 금융지원 예산으로 3633억원을 배정하고 사업에 착수했다. 이번 지원사업은 지난해와 마찬가지로 RE100 및 도심지 분산에너지 공급에 중점을 뒀으며, 장기저리 융자를 지원한다는 게 특징이다. 한국에너지공단은 이 같은 내용을 담은 2024년도 신재생에너지 금융지원사업 지원공고 를 공개했다. 총예산은 지난해(4623억원) 대비 약 1000억원 감소한 3633억원으로, 예산의 대부분인 3593억원이 시설자금에 배정됐다."
55,256,리스크_단기,단기,리스크,0.2778,0.2986,0.275,1,2,2,1,1,2,0.2567,negative,0.5501,0.54287189245224,에너지 관리,E,신재생에너지 전환,"환경부가 관리 중인 34곳의 댐을 활용해 재생에너지를 생산하는 방안을 추진한다. 이들 댐 중 일부의 수면에 태양광 발전 시설을 배치하고, 신재생에너지를 생산하는 목표를 세웠다. 환경부 관계자는 수상 태양광을 통해 댐 활용 가능성이 확대되도록 할 것 이라고 밝혔다. 댐은 가뭄과 집중호우 등 계절과 기후변화 등에 따라 수위 변동성이 있다. 환경부는 비교적 안정적인 수위를 유지하는 지역을 파악해 실증 사업을 벌이고, 확대 여부를 파악할 전망이다. 환경부는 태양광 확대를 위해 올해 관련 규제의 완화도 추진할 방침이다."
56,257,리스크_장기,장기,리스크,0.2924,0.3092,0.3683,3,3,1,1,1,1,0.1841,negative,0.5524,0.559717059135437,인적자원 관리,S,다양성 및 형평성 (DEI),"비금융지주사업종 20개 기업 중 16개 사가 지속가능경영보고서를 발간한 가운데 지난해 7월 이전 보고서 공시를 한 기업은 11개 사였다. 보고서를 발간하지 않은 기업은 HD현대 LS 한미사이언스 대성홀딩스 등 4곳이다. 비금융지주사업종의 공시율은 IT 반도체와 같은 80%를 기록했다. 다양성 형평성 포용성(DEI)을 강조했다. 여성 임원의 경우 LS 대성홀딩스 F F홀딩스 대웅 등 4개 사를 제외한 16개 사가 선임했다. 여성 등기임원을 비율로 따지면 평균 11%였다. 장애인 고용의 경우, 200대 기업의 장애인 고용률은 평균 1.89%로 의무 고용률보다 현저히 낮고, 업계는 평균 1.63%로, 전체 평균을 밑돌았다."
57,258,리스크_장기,장기,리스크,0.2426,0.28,0.2562,1,3,1,1,1,1,0.183,negative,0.549,0.5099632143974304,인적자원 관리,S,다양성 및 형평성 (DEI),"업계 내 고용률이 가장 높은 포스코홀딩스도 3%로, 의무 고용률을 넘지는 못했고, HD한국조선해양은 0.1%로 가장 낮았다. 한편, SK GS 롯데지주 한진칼 LS 한미사이언스 대성홀딩스 F F홀딩스 대웅 등 업계 절반가량은 장애인 고용률을 공개하지 않았다."
58,259,리스크_장기,장기,리스크,0.2984,0.3297,0.3659,3,3,1,1,1,1,0.183,negative,0.5489,0.6006622910499573,에너지 관리,E,신재생에너지 전환,"영국-호주 광산 회사 리오 틴토(Rio Tinto)가 호주 최대 규모의 태양광 발전소(PV)로부터 재생 가능한 전기를 공급받아 퀸즐랜드주 글래드스톤(Gladstone) 알루미늄 프로젝트의 이산화탄소 배출량을 크게 줄일 계획이라고 발표했다. 이 계약에 따라, 리오 틴토는 2026 2027년경 가동될 예정인 1.1GW 규모의 어퍼 칼리오페(Upper Calliope) 태양광 발전 프로젝트의 전체 출력을 구매할 예정이다."
59,260,리스크_장기,장기,리스크,0.2707,0.3389,0.1833,1,1,1,1,2,1,0.2932,negative,0.5498,0.6164509654045105,에너지 관리,E,신재생에너지 전환,"LG에너지솔루션과 삼성SDI의 배터리를 활용한 미국 최대 에너지저장장치(ESS) 연계 태양광 발전소가 상업운전을 시작했다. 지속 성장하는 미국 ESS 시장에서 LG 삼성의 품질 경쟁력을 재확인할 수 있는 부분이다. 추가 수주 기회의 발판이 마련된 셈이다. 미국 시공사 모텐슨에 따르면, 이 회사는 현지 재생에너지 기업 테라젠 과 에드워즈 산본 솔라 스토리지(Edwards Sanborn Solar Storage) 프로젝트를 성공적으로 완료했다. 미국 캘리포니아주 소재 4600에이커(약 1861만 ) 부지에 875 규모 태양광 발전소와 3.3GWh의 ESS를 완공해 가동에 돌입했다. 태양광 발전소에는 미국 퍼스트솔라가 현지에서 생산한 패널 약 190만 개가 쓰였다."
60,261,리스크_장기,장기,리스크,0.2202,0.2953,0.1797,1,1,1,1,1,1,0.1797,negative,0.5391,0.5477097034454346,이사회 구조,G,이사회 구성 및 독립성,PwC는 이번 설문조사에서 이사회 구성원 교체에 대한 이사들의 생각도 조사했다. 이사회 구성원을 교체해야 한다고 응답한 비율은 45%에 달했다.
61,262,리스크_장기,장기,리스크,0.2865,0.4092,0.254,1,3,1,1,1,1,0.1814,negative,0.5442,0.7520017027854919,기후변화·온실가스,E,Scope 3 배출량,"에너지 관리 및 자동화 분야 디지털 혁신을 선도하는 글로벌기업 슈나이더일렉트릭이 비영리협회 WAS(Women Action Sustainability)와 함께 공급망 탈탄소화에 대한 새로운 보고서를 발표했다고 밝혔다. 슈나이더일렉트릭은 보고서가 조직 공급망 파트너들이 업스트림 및 다운스트림 작업을 통해 간접적으로 생성되는 탄소 배출을 줄이는 데 중요한 역할을 강조하며, 관련 내용을 스코프 3(Scope 3)로 분류하고 있다고 설명했다."
62,263,리스크_단기,단기,리스크,0.2986,0.2566,0.288,3,1,1,1,2,2,0.36,negative,0.54,0.4751405119895935,에너지 관리,E,신재생에너지 전환,LS일렉트릭이 미국 신재생에너지 발전단지에 1200억원 규모의 전력설비를 공급한다. 급성장이 기대되는 북미 변압기 시장에서 본격적인 교두보를 확보했다는 평가가 나왔다. LS일렉트릭이 공급하는 변압기는 발전단지에서 생산한 전기를 고압으로 바꾸는 데 쓰일 예정이다. LS일렉트릭이 미국 시장에 수백 억원 단위의 변압기를 납품한 것은 처음이다.
63,264,리스크_단기,단기,리스크,0.2424,0.2921,0.1821,1,1,1,1,1,2,0.2549,negative,0.5462,0.5347306132316589,에너지 관리,E,신재생에너지 전환,"일본 화학기업 카네카가 빌딩 벽면에 붙여 발전할 수 있는 태양광 발전 패널 건자재의 생산을 2030년까지 3배로 늘린다. 향후 건자재 일체형 태양광 발전이 활성화되면, 현재 일본 국내에서 가동되는 태양광 발전에 맞먹는 실적을 올릴 것으로 기대됐다. 회사는 2030년까지 현재의 3배인 연간 30만 생산량을 목표로 하고 있다. 이는 도쿄 돔 6.4개를 모두 두를 수 있는 규모다."
64,265,리스크_단기,단기,리스크,0.3541,0.3147,0.2913,3,1,1,1,3,2,0.4733,negative,0.5461,0.5763263702392578,에너지 관리,E,신재생에너지 전환,"일본 최대급 규모의 태양광 발전소가 나가사키에 들어선다. 올봄부터 본격적으로 착공해, 2025년 완공 및 상업 운전을 목표로 하고 있다. 나가사키신문은 최근 나가사키현 우쿠지마에 일본 최대급 태양광 발전소가 설립될 예정이라고 보도했다. 이에 따르면, 사업 투자액은 200억엔(약 1조8200억원)으로, 일본의 주요 전기 시공사 큐덴코와 쿄세라가 출자에 참가했다. 발전 능력은 480메가와트(MW)로, 연간 일반 가정 약 17만3000 세대에 공급할 수 있는 용량이다."
65,266,리스크_장기,장기,리스크,0.2944,0.3228,0.3629,3,3,1,1,1,1,0.1815,negative,0.5444,0.5928548574447632,에너지 관리,E,신재생에너지 전환,"삼일PwC에 따르면, 이 회사는 이달 들어 에너지트랜지션센터(Energy Transition Center)를 설립했다. 센터는 기존 에너지 산업 인수 합병(M A) 전문가들이 모인 조직이다. 친환경 저탄소 에너지 시스템 전환을 위한 세계적인 움직임에 따른 산업의 근본적 변화에 대응한다. 삼정KPMG도 새해를 겨냥해 다양한 태스크포스(TF)를 신설하고 있으며, 지난달에는 디지털 전환 전문가인 조재박 부대표를 센터장으로, 전사 인공지능(AI) 역량을 집결한 AI센터 를 업계 최초로 발족했다. AI 기술로 운영 업무 효율화, 리스크 사전 탐지 내부통제, AI 기반 회계처리 결산 검증대사 재무분석을 수행하는 상품을 제공한다. EY한영도 생성형 AI TF를 상설화했다."
66,267,리스크_장기,장기,리스크,0.2927,0.3781,0.2382,1,1,2,1,1,2,0.2565,negative,0.5496,0.6878743171691895,기후변화·온실가스,E,Scope 1·2 배출량,"KT G가 탄소중립 실천을 위해 전력구매계약(Power Purchase Agreement PPA)을 맺었다고 3일 밝혔다. 이번 체결을 통해 KT G는 총 전력 사용량의 7.5%를 재생전력으로 대체함으로써, 온실가스 배출량 6640톤 감축할 것으로 전망했다. KT G는 앞으로 PPA 추가 계약을 통해 재생에너지 사용을 지속적으로 확대하겠다고 했다."
67,268,리스크_장기,장기,리스크,0.2927,0.3781,0.2382,1,1,2,1,1,2,0.2565,negative,0.5496,0.6878743171691895,에너지 관리,E,신재생에너지 전환,"KT G가 탄소중립 실천을 위해 전력구매계약(Power Purchase Agreement PPA)을 맺었다고 3일 밝혔다. 이번 체결을 통해 KT G는 총 전력 사용량의 7.5%를 재생전력으로 대체함으로써, 온실가스 배출량 6640톤 감축할 것으로 전망했다. KT G는 앞으로 PPA 추가 계약을 통해 재생에너지 사용을 지속적으로 확대하겠다고 했다."
68,269,리스크_장기,장기,리스크,0.2806,0.41,0.2361,2,1,1,1,1,1,0.1816,negative,0.5449,0.7523494958877563,이사회 구조,G,이사회 구성 및 독립성,"한국ESG기준원은 최근 기업의 사외이사후보추천위원회의 현황을 분석해서 발표했다. 현황을 조사한 결과, 독립성 확보를 위해 개선이 필요한 측면이 상당수 발견됐다. 사외이사후보추천위 기능의 제한은 이사회 경영감독 기능의 악화로 이어지게 되므로, 기관투자자는 사외이사후보추천위가 제 기능을 발휘해 이사회 구성원의 전문성과 다양성을 충분히 고려해 사외이사 후보를 추천할 수 있도록 해야 한다고 주장했다. 최근 3년간 비금융 상장기업에 대한 사외이사후보추천위원회 운영 현황을 분석한 결과, 이사회 내 사외이사후보추천위원회를 자발적으로 설치하는 기업이 지속적으로 증가하고 있는 점은 긍정적이었다. 그러나 사외이사후보추천위원회 구성의 독립성 측면에서 개선 활동이 필요한 상장기업이 상당수 발견됐다."
69,270,리스크_장기,장기,리스크,0.309,0.3362,0.2943,3,1,1,1,2,1,0.2943,negative,0.5518,0.6093235611915588,에너지 관리,E,신재생에너지 전환,"신한은행이 지난해 총 1500억원 규모의 한국형 녹색채권 발행에 성공했다고 밝혔다. 신한은행에 따르면, 2023년 8월 1000억원에 이어 12월에 500억원을 추가 발행했다. 신한은행은 환경부 주관 한국형 녹색채권 발행 이차보전 지원사업 에 참여 중이다. 2023년 발행된 녹색채권 중 1000억원은 태양광 바이오매스 발전사업 등 신재생에너지 프로젝트에 지원됐고, 500억원은 녹색분류체계 적합성 검토를 받은 전기차 구입 대출에 쓰일 예정이다."
70,271,리스크_단기,단기,리스크,0.247,0.3074,0.1811,1,1,1,1,1,2,0.2535,negative,0.5432,0.5659598112106323,기후변화·온실가스,E,Scope 3 배출량,"에쓰오일이 지난달 서울 마곡산업단지에 미래 성장을 위한 기술개발(TS D)센터를 준공하고, 현재 울산에 건설 중인 샤힌(아랍어로 매 라는 뜻) 프로젝트에 적용할 석유화학 선도 기술을 집중적으로 개발하고 있다. TS D센터는 샤힌 프로젝트가 완공되는 오는 2026년 이후 양산되는 올레핀 다운스트림 분야에서 신기술 역량 강화를 위한 핵심 역할을 수행하게 된다. 에쓰오일은 TS D센터 건설을 성공적으로 마무리함에 따라 샤힌 프로젝트의 기술 경쟁력도 안정적으로 확보될 것으로 기대하고 있다."
71,272,리스크_장기,장기,리스크,0.2379,0.3469,0.1792,1,1,1,1,1,1,0.1792,negative,0.5377,0.6452301740646362,기후변화·온실가스,E,기후 거버넌스·인벤토리,"기업 내부 및 외부기관 시스템과 연동한 데이터 자동입력을 지원해 탄소 데이터 관리의 편의성을 개선했고, 최신 탄소 관련 제도 및 정보에 맞춰 배출계수 등을 지속적으로 업데이트해 데이터의 신뢰성을 높일 수 있다."
72,273,리스크_장기,장기,리스크,0.2548,0.3315,0.239,1,1,2,1,1,1,0.1838,negative,0.5515,0.6010288596153259,기후변화·온실가스,E,Scope 3 배출량,"EU 의회와 이사회는 기업 지속가능성실사지침(CSDDD 이하 공급망실사법)의 적용 범위에서 금융업종을 제외하기로 잠정 합의했다. EU 정책 전문 매체 유랙티브의 보도에 따르면, 이번에 타결된 합의안의 주요 내용은 공급망실사법의 금융업종 적용 제외와 기후변화를 위한 전환계획의 수립과 시행 의무화의 진전이다. EU 이사회는 최종 합의안에 따라 공급망실사법의 적용 범위에 금융 부문을 잠정 제외하며, 향후 적용을 위한 검토 조항이 포함될 것이라고 밝혔다. 이에 따라 금융기관의 핵심 사업인 투자 및 대출 활동은 EU 공급망실사법의 적용 범위에서 제외되며, 금융기관들은 업스트림 공급망에 대한 실사 의무만을 지게 된다. 금융기관이 사실상 자사의 인권 침해와 환경적 피해 여부만 고려하면 된다는 의미다."
73,274,리스크_단기,단기,리스크,0.2506,0.3814,0.1801,1,1,1,1,1,1,0.1801,negative,0.5402,0.7059544920921326,인적자원 관리,S,다양성 및 형평성 (DEI),"지속가능경영을 위해 이사회의 독립성이 요구되고 있지만, 국내 상장사의 이사회 독립성은 여전히 미흡한 것으로 나타났다. 또, 이사회에 여성 이사를 보유한 회사 비율이 고작 9%에 불과해 다양성 측면에서도 아직 갈 길이 먼 것으로 조사됐다. 삼일PwC 거버넌스센터는 이 같은 내용을 담은 2023 이사회 트렌드 리포트 를 최근 발간했다고 6일 밝혔다. 보고서에 따르면, 이사회 독립성 관련 지표인 대표이사와 이사회 의장의 분리 비율은 국내 상장사 가운데 34%에 그친 것으로 집계됐다. 대표이사와 이사회 의장이 분리된 회사라도 사외이사가 이사회 의장을 맡는 경우는 42%로 절반에 못 미쳤다. 이사회 구성에서 중요한 가치 중 하나인 다양성 측면에서도 국내 기업의 수준은 미흡한 것으로 나타났다."
74,275,리스크_단기,단기,리스크,0.2506,0.3814,0.1801,1,1,1,1,1,1,0.1801,negative,0.5402,0.7059544920921326,이사회 구조,G,이사회 구성 및 독립성,"지속가능경영을 위해 이사회의 독립성이 요구되고 있지만, 국내 상장사의 이사회 독립성은 여전히 미흡한 것으로 나타났다. 또, 이사회에 여성 이사를 보유한 회사 비율이 고작 9%에 불과해 다양성 측면에서도 아직 갈 길이 먼 것으로 조사됐다. 삼일PwC 거버넌스센터는 이 같은 내용을 담은 2023 이사회 트렌드 리포트 를 최근 발간했다고 6일 밝혔다. 보고서에 따르면, 이사회 독립성 관련 지표인 대표이사와 이사회 의장의 분리 비율은 국내 상장사 가운데 34%에 그친 것으로 집계됐다. 대표이사와 이사회 의장이 분리된 회사라도 사외이사가 이사회 의장을 맡는 경우는 42%로 절반에 못 미쳤다. 이사회 구성에서 중요한 가치 중 하나인 다양성 측면에서도 국내 기업의 수준은 미흡한 것으로 나타났다."
75,276,리스크_장기,장기,리스크,0.2577,0.3992,0.1815,1,1,1,1,1,1,0.1815,negative,0.5445,0.7331390380859375,기후변화·온실가스,E,기후 거버넌스·인벤토리,"탄소회계의 표준화를 위해 30개가 넘는 탄소회계 분야 조직이 모였다. 해외 미디어 에디에 따르면, 새로운 연맹의 명칭은 탄소회계연맹(Carbon Accounting Alliance)으로, 영국의 플래닛 마크(Planet Mark)와 스위스의 클라이밋파트너(ClimatePartner)가 함께 주도하고 있다. 두 업체 모두 환경 관련 컨설팅 업체다. 탄소회계 관련 조직들이 한곳에 모여 다양한 온실가스 배출량 측정 방법론, 규칙 및 배출계수 데이터베이스에 대한 표준을 만들기 위해 모였다. 연맹은 정책 입안자들과 협력해 탄소 배출량 정보 공시에 대한 규제를 개선하기 위한 활동을 개시한다. 정책 참여 활동 외에 회원 간의 지식 공유를 촉진하고 방법론 및 도구 개발을 감독한다"
76,277,리스크_장기,장기,리스크,0.291,0.3486,0.26,1,3,1,1,1,2,0.26,negative,0.5572,0.6256333589553833,에너지 관리,E,신재생에너지 전환,"현대자동차가 아랍에미리트(UAE) 비아그룹(BEEAH Group)과 손잡고 현지 최초 수소 트럭 시범운영에 나섰다. 29일 업계에 따르면, 현대차는 비아그룹과 UAE 내 수소 모빌리티 실증사업 추진과 탄소중립을 목표로 추가 협력 기회를 모색하기 위한 양해각서(MOU)를 체결했다. 샤르자와 두바이 2개 지역에서 수소 전기 트럭 시범 운영을 진행하고, 향후 시범 운영 결과에 따라 비아그룹이 사용 중인 내연기관 트럭을 모두 수소 트럭으로 교체할 계획이다. 한편, 현대차는 23일 현대차 울산공장에서 현대건설과 태양광 재생에너지 전력구매계약(PPA)을 체결했다. 현대차는 이번 계약에 따라 2025년까지 울산공장에 태양광 재생에너지 64메가와트( )를 조달할 계획이다."
77,278,리스크_장기,장기,리스크,0.1902,0.2094,0.1799,1,1,1,1,1,1,0.1799,negative,0.5397,0.38795438408851624,에너지 관리,E,신재생에너지 전환,이는 국내 기업이 체결한 PPA 중 최대 규모다.
78,279,리스크_장기,장기,리스크,0.2759,0.3383,0.2931,3,1,1,1,1,1,0.1832,negative,0.5496,0.6155256032943726,에너지 관리,E,신재생에너지 전환,"삼성물산이 호주 노던 테리토리 주정부와 재생에너지 발전 저장과 수소 생산을 위한 그린허브 복합단지 조성에 관한 양해각서를 체결했다. 이번 프로젝트는 태양광과 풍력에너지를 이용해 대규모로 전기를 생산하는 재생에너지 파크와 배터리 에너지 저장 시스템, 녹색 수소 생산 시스템, 그리고 관련된 송전 인프라를 포함한다. 삼성물산은 또, 이번 프로젝트의 일환으로 실질적인 제조 허브를 구축할 계획이다. 풍력 및 태양광 발전소의 생산량은 삼성 계열사를 포함해 100% 재생 가능 에너지로 전환하는 제조 부문 내 회사에 전달될 예정이다. 이번 노던 테리토리 그린허브 프로젝트는 삼성물산의 호주 친환경 에너지 시장 공략의 핵심 프로젝트로 평가됐다."
79,280,리스크_장기,장기,리스크,0.251,0.3784,0.1824,1,1,1,1,1,1,0.1824,negative,0.5472,0.691466748714447,에너지 관리,E,신재생에너지 전환,"탄소포집 기술을 개발하고 있는 카본에너지 가 미래과학기술지주, 라이징에스벤처스, 로우파트너스로부터 시드 라운드 투자를 유치했다. 금액은 비공개다. 카본에너지는 B2B 형태로 기업들의 탄소중립(Net-Zero)과 RE100 달성을 위해서 공정에 사용가능한 재생에너지와 탄소감축량을 동시에 제공하는 서비스를 제공할 계획이다."
80,281,리스크_장기,장기,리스크,0.2433,0.2435,0.2941,3,1,1,1,1,1,0.1838,negative,0.5515,0.4415220320224762,에너지 관리,E,신재생에너지 전환,전 세계 소득 상위 10%를 차지하는 이들이 전 세계 탄소 배출량의 절반을 차지하고 있는 것으로 나타났다. 기후변화에 책임이 있는 만큼 이들을 대상으로 부유세를 매겨 저탄소 재생에너지 전환에 필요한 재원을 마련해야 한다는 주장도 나왔다. 영국의 국제구호개발기구 옥스팜은 보고서에서 2019년 기준 소득 상위 1 에 속하는 7700만명이 전 세계 탄소 배출량의 16%를 차지하고 있다고 밝혔다.
81,282,리스크_장기,장기,리스크,0.2655,0.3467,0.2555,1,3,1,1,1,1,0.1825,negative,0.5474,0.6334046721458435,기후변화·온실가스,E,Scope 3 배출량,"미국 증권거래위원회(SEC)가 온실가스 배출량 공시 요건을 완화할 방침이다. 새로 도입할 규칙에 따라 가스 배출량을 측정하기 까다로워서다. 공시로 인한 효익보다 비용만 증가한다는 비판도 거센 상황이다. 로이터통신은 소식통을 인용해, SEC가 기업 공급망에서 배출되는 온실 가스양을 공시하는 요건을 일부 완화할 방침이라고 보도했다. 특히, 기업의 가치사슬(밸류체인) 내부에서 생성되는 모든 온실가스를 측정하는 스코프3(Scope 3) 배출 공시 규제를 축소할 계획이다. 스코프3은 기업 공시에서 가장 까다로운 영역으로 평가받는다. 기업이 직접 통제할 수 없는 영역 밖에서 나오는 온실가스 배출량도 측정해야 해서다. SEC 내부에서도 스코프3을 철회해야 한다는 비판이 나왔다."
82,283,리스크_장기,장기,리스크,0.2391,0.2867,0.2389,1,1,2,1,1,1,0.1837,negative,0.5512,0.5201765894889832,에너지 관리,E,신재생에너지 전환,"전략 원자재는 신재생에너지, 디지털, 항공우주, 방위 기술 등 핵심 산업 분야에 사용되는 원자재 중 수요와 공급망 차질 위험 등을 고려해 설정한 것으로 별도 규정을 적용받게 된다. EU는 이미 전략 원자재로 분류된 천연 흑연 외에 향후 합성 흑연도 추가하는 방안을 검토 중이다. 이 밖에 신규 원자재 추출 프로젝트에 대해서는 최대 27개월 이내, 가공 재활용 프로젝트는 15개월 이내로 사업 허가에 걸리는 기간을 대폭 단축하는 방안도 합의됐다."
83,284,리스크_장기,장기,리스크,0.3057,0.3509,0.3658,3,3,1,1,1,1,0.1829,negative,0.5487,0.6395595669746399,에너지 관리,E,신재생에너지 전환,"현대건설이 유럽 최대 에너지 기업과 손잡고 신재생에너지 발전사업 확장에 나섰다. 현대건설은 지난 14일 알더블유이 오프쇼어 윈드(RWE Offshore Wind GmbH, 이하 RWE)와 해상풍력발전 및 그린수소사업 공동개발 에 대한 전략적 업무협약(MOU)을 체결했다고 15일 밝혔다. 이번 협약을 통해 양사는 국내 해상풍력발전사업 공동개발 양사가 개발 중인 사업의 상호 간 참여기회 도모 그린수소를 포함한 신에너지 분야 신규사업 모색 등에 긴밀하게 협력할 계획이다. 양사는 국내 해상풍력발전시장에 대한 현대건설의 경험 및 네트워크와 RWE의 글로벌 해상풍력발전단지 개발 및 운영 노하우를 바탕으로 국내 해상풍력발전사업 공동개발에 협력해 글로벌 시장으로 그 범위를 확대해 나갈 예정이다."
84,285,리스크_장기,장기,리스크,0.2057,0.2485,0.1827,1,1,1,1,1,1,0.1827,negative,0.5482,0.45322614908218384,에너지 관리,E,신재생에너지 전환,"이번 펀드는 해외에서 진행되는 인프라 사업에 투자한다는 점에서 기존의 해외 인프라 펀드와 유사하지만, 탄소배출권을 확보할 수 있는 사업으로 투자 대상이 한정된다는 점에서 차이가 있다. 투자 대상은 태양광 발전 등 탄소배출권을 확보할 수 있는 해외 친환경 사업이 우선 꼽혔다."
85,286,리스크_단기,단기,리스크,0.3319,0.3505,0.2886,3,1,1,1,2,2,0.3607,negative,0.5411,0.6476724147796631,에너지 관리,E,신재생에너지 전환,"2000억원 규모의 기업 재생에너지 펀드가 나왔다. 한국에너지공단은 국내기업의 RE100(재생에너지 100%) 이행지원 및 재생에너지 민간투자 활성화를 위해 기업 재생에너지 펀드를 조성한다고 2일 밝혔다. 펀드는 공단의 녹색 프리미엄 재원 2000억원과 국책은행인 IBK기업은행의 투자금 500억원으로 모( )펀드를 조성하고, 공모를 통해 선정된 KDB인프라자산운용이 모펀드를 운용한다."
86,287,리스크_단기,단기,리스크,0.2648,0.3559,0.1821,1,1,1,1,1,2,0.2549,negative,0.5463,0.6514232158660889,에너지 관리,E,신재생에너지 전환,"현대건설이 재생에너지 전력중개거래 분야 신사업 추진 보폭을 넓히고 있다. 현대건설은 최근 인천남동산업단지 에너지자급자족 인프라 구축 및 운영사업의 본격 착수를 위한 협약을 체결했다고 22일 밝혔다. 인천테크노파크를 주관기관으로, 현대건설(발전 인프라 구축) KT(에너지 관리시스템 구축) 유호스트(고효율화 설비 구축) 등이 컨소시엄으로 참여한다. 이 사업에서 현대건설은 발전 인프라 구축사업의 총괄 리더로서, 인천 내 유수의 태양광 회사인 JH에너지 원광에스앤티와 함께 재생에너지 발전설비 구축 운영, 재생에너지 전력거래를 담당한다. 한편, 이번 에너지자급자족사업에 현대건설은 산업단지 최초로, 온사이트 PPA(On-Site PPA) 거래방식을 도입한다."
87,288,리스크_단기,단기,리스크,0.3729,0.2972,0.3634,3,3,1,1,3,2,0.4724,negative,0.5451,0.5452408194541931,이사회 구조,G,이사회 구성 및 독립성,"기업의 25% 만이 ESG 공시 준비가 된 것으로 나타났다. 세계적인 종합 회계 컨설팅 기업인 KPMG가 전세계 750개 기업의 ESG 담당 최고 경영진과 이사회 구성원을 대상으로 ESG 공시 준비지수(KPMG ESG Assurance Maturity Index 2023) 를 설문 조사한 결과, 글로벌 기업 중 75%가 ESG 데이터 인증 및 새로운 규제 대응에 아직 많은 과제가 남았다고 답했다. 매출이 100억달러(약 13조5700억원) 이상의 규모가 큰 기업은 ESG 정보공시 준비(56.3점)가 상대적으로 잘 되어 있는 것으로 조사됐다."
88,289,리스크_단기,단기,리스크,0.3729,0.2972,0.3634,3,3,1,1,3,2,0.4724,negative,0.5451,0.5452408194541931,ESG 데이터 거버넌스,G,ESG 데이터 내부통제,"기업의 25% 만이 ESG 공시 준비가 된 것으로 나타났다. 세계적인 종합 회계 컨설팅 기업인 KPMG가 전세계 750개 기업의 ESG 담당 최고 경영진과 이사회 구성원을 대상으로 ESG 공시 준비지수(KPMG ESG Assurance Maturity Index 2023) 를 설문 조사한 결과, 글로벌 기업 중 75%가 ESG 데이터 인증 및 새로운 규제 대응에 아직 많은 과제가 남았다고 답했다. 매출이 100억달러(약 13조5700억원) 이상의 규모가 큰 기업은 ESG 정보공시 준비(56.3점)가 상대적으로 잘 되어 있는 것으로 조사됐다."
89,290,리스크_장기,장기,리스크,0.2261,0.1791,0.3104,1,3,2,1,1,1,0.1826,negative,0.5477,0.3269333243370056,에너지 관리,E,신재생에너지 전환,"세계 광산업계에서 구리에 대한 초과 수요 현상이 장기간 심화할 것이란 우려를 제기했다. 재생에너지 전환이 급속도로 이뤄지면서 구리 수요가 공급을 크게 앞지를 것이란 이유다. 고금리 장기화로 자본 조달 비용이 증가하면서, 신규 광산을 개발하는 속도도 더뎌지고 있다는 지적이 나오고 있다."
90,291,리스크_장기,장기,리스크,0.2096,0.2064,0.2365,1,1,2,1,1,1,0.1819,negative,0.5457,0.37831589579582214,안전보건,S,사업장 안전보건 관리체계,"유럽연합(EU)이 반도체와 인공지능(AI) 등 첨단기술에 대한 위험성 평가를 시작했다. 사실상 중국을 겨냥한 수출 및 투자 제한 검토로, 유럽의 대중 전략 핵심인 디리스킹(위험 제거) 을 본격화한 것으로 풀이된다. EU는 27개 회원국과 함께 연말까지 위험성 평가를 마친 후, 내년에 구체적인 대응에 나서기로 했다."
91,292,리스크_장기,장기,리스크,0.3179,0.3832,0.3675,3,3,1,1,1,1,0.1838,negative,0.5513,0.6951333284378052,에너지 관리,E,신재생에너지 전환,"TSMC가 2040년 RE100(재생에너지로 전력 100% 충당)을 조기 달성하겠다고 밝혔다. TSMC는 당초 계획했던 2050년보다 10년 앞당겨 RE100을 구축할 계획이라고 말했다. 또, 2030년 전사 재생에너지 소비 목표를 전체의 40%에서 60%로 상향 조정했다. 유럽연합(EU) 등 해외 국가 관련 규제에 맞춰 향후 반도체 수출, 해외 진출, 해외 투자 유치 등에 지장을 최소화하려는 시도로 풀이된다. TSMC는 세계 최대 재생 에너지 기업과 전력 구매 계약을 체결했다고 밝혔다. 신재생에너지와 산업용 전력소비를 매칭하는 플랫폼을 구축하고 20년 장기 2만 기가와트시(GWh) 규모 신재생에너지 공동 계약도 체결했다."
92,293,리스크_장기,장기,리스크,0.2601,0.4051,0.182,1,1,1,1,1,1,0.182,negative,0.5461,0.7417747378349304,에너지 관리,E,신재생에너지 전환,"윤석열 대통령이 국제연합(UN) 총회에서 원전, 수소를 포함한 CFE(무탄소에너지) 국제 플랫폼 CF 연합을 제안했다. 재생에너지에서 무탄소 에너지원으로 범위를 넓혀 RE100을 보완하는 내용이다. RE100(재생에너지 100% 사용)만으론 탄소중립을 달성하기 어렵다는 현실적 진단을 토대로, 전 세계에 대안을 던진 것으로 풀이된다. CF연합은 크게 CFE 투자 촉진 CFE 이행 검증 체계 및 국제표준 확립 공적개발원조(ODA) 등 개발도상국 접근성 확보 등 세 가지 방향을 모색한다. 산업통상자원부 관계자는 인증제도의 체계적인 실행과 관련 산업의 인프라 구축, 국제회의와 양자 다자협의 채널을 활용한 국가 간 협력과 규범 정립을 통해 CF연합의 활동을 적극적으로 지원해 나갈 계획이라고 밝혔다."
93,294,리스크_단기,단기,리스크,0.3254,0.2918,0.3268,3,2,1,1,2,2,0.3631,negative,0.5446,0.5357533693313599,에너지 관리,E,신재생에너지 전환,"HD현대의 태양광 부문 계열사인 HD현대에너지솔루션이 아프리카 시장 공략에 속도를 내고 있다. HD현대에너지솔루션은 포르투갈 MCA 와 1300MW 규모의 태양광 모듈 공급 계약을 체결했다고 밝혔다. 총 수주 금액은 422억원으로, 이번 계약에 따라 HD현대에너지솔루션은 2024년 2월까지 MCA에 태양광 모듈 20만여 장을 공급한다. MCA는 해당 제품을 약 300MW 규모 태양광 발전단지 조성 사업(Solar 프로젝트)에 사용할 예정이다. 해당 사업은 앙골라 지역 60개 마을 약 20만 가구에 전기를 공급하는 프로젝트로, 앙골라 정부가 주도해 2025년 말 완공된다."
94,295,리스크_단기,단기,리스크,0.2498,0.3015,0.2557,1,3,1,1,1,1,0.1826,negative,0.5479,0.5503386855125427,기후변화·온실가스,E,Scope 3 배출량,"SK에코플랜트가 미국 1위 폐기물 기업 웨이스트 매니지먼트와 손잡고, 폐기물 에너지화 리사이클링 등 고부가가치 업스트림(Upstream) 사업 확대에 나섰다. 박경일 SK에코플랜트 사장은 최근 방한한 제임스 피시(Jim Fish) 웨이스트 매니지먼트 CEO를 비롯해 복수의 C레벨 경영진과 비공개로 회동했다. 이번 만남은 웨이스트 매니지먼트의 요청으로 이뤄졌으며, 국내 기업 중 유일하게 SK에코플랜트만 만난 것으로 파악됐다. 업계 관계자는 웨이스트 매니지먼트는 최근 폐기물 자원화 사업을 확대하고 있으며, 신사업 발굴 차원으로 해외 출장에 나선 상황이라고 전했다. SK에코플랜트는 지난해 매출액 기준 국내 1위 환경기업이다."
95,296,리스크_장기,장기,리스크,0.2082,0.2661,0.177,1,1,1,1,1,1,0.177,negative,0.531,0.501168429851532,기후변화·온실가스,E,Scope 3 배출량,"특히, 자회사 테스(TES)와 DY폴리머 등을 통해 폐기물을 다시 에너지화 자원화하는 업스트림 사업에 투자를 늘리고 있다."
96,297,리스크_장기,장기,리스크,0.2327,0.2515,0.2564,1,3,1,1,1,1,0.1832,negative,0.5495,0.45773130655288696,인적자원 관리,S,다양성 및 형평성 (DEI),"정부가 역대 처음으로 가을철에 전력 계통 안정화 대책을 수립했다. 이달 추석 연후 전주부터 11월 초까지 대책 기간으로 설정했다. 정부가 가을철 경부하기를 대상으로 전국 단위의 계통 안정화 대책을 수립한 것은 이번이 처음이다. 산업부는 추석 연휴가 시작되기 전 주인 오는 23일부터 11월 5일까지를 대책 기간으로 설정했다. 대책 기간이 오기 전에 한빛 2호기 한울 6호기 등 원전 계획예방정비 일정을 조정해, 추석 특수 경부하 기간 정비를 시행한다. 이 같은 조치에도 불구하고 발전기 출력제어가 필요하면, 경제 안전 형평성 등을 감안해 출력제어를 이행할 계획이다."
97,298,리스크_장기,장기,리스크,0.2347,0.2937,0.2199,1,2,1,1,1,1,0.1832,negative,0.5497,0.534217357635498,에너지 관리,E,신재생에너지 전환,"삼성물산 상사부문의 미국 신재생 에너지 법인 삼성 C T 리뉴어블스가 현지 신재생 에너지 개발 투자 회사 선레이서 리뉴어블스와 미국 남부 텍사스주 3GW 규모 태양광 ESS(에너지저장장치) 프로젝트 매각과 개발 서비스 계약을 체결했다고 밝혔다. 삼성물산은 텍사스 지역에 부지 사용권 확보, 전력 계통 연계 검토 등 초 중기 개발 과정에 있는 총 15개 프로젝트(6개 태양광 약 1GW, 9개 ESS 약 2GW)를 선레이서에 일괄 매각하는 동시에, 태양광 발전소 착공 전까지 필요한 각종 평가 인허가 취득 등 개발 서비스를 제공할 예정이다. 양사는 2025 2026년 중 상업 운전 개시가 가능한 일정으로 프로젝트 개발을 진행할 계획이며, 향후 미국 시장 내 협력을 확대해 나갈 계획이다."
98,299,리스크_장기,장기,리스크,0.2682,0.3645,0.1827,1,1,1,1,1,2,0.2557,negative,0.548,0.6650747656822205,에너지 관리,E,신재생에너지 전환,"현대건설이 전력중개거래사업을 본격 추진하며 탄소중립경영 가속화에 나서. 현대건설은 지난 8일 에너지 IT 스타트업 식스티헤르츠(60 ) 와 지분투자를 통한 전략적 파트너십을 체결했다고 밝혔다. 이번 파트너십을 통해, 현대건설은 전력중개거래에 필수적인 기술 및 상품 모델을 공동개발 해 에너지 거래 통합 IT 플랫폼을 마련할 방침이다. 식스티헤르츠는 재생에너지 발전량 예측 및 VPP 소프트웨어 개발에 주력하는 기후테크 스타트업으로 CES 2023 혁신상 , 범정부 공공데이터 활용 창업경진대회 대통령상 을 수상하는 등 에너지 분야 IT 기술 부문에서 높은 평가를 받고 있다. 현대건설은 이번 파트너십을 통해 민간의 직접 PPA 를 포함한 전력거래 자동화 IT 플랫폼을 국내 최초로 구현할 계획이다."
99,300,리스크_장기,장기,리스크,0.2385,0.2679,0.2565,1,3,1,1,1,1,0.1832,negative,0.5497,0.4874144196510315,에너지 관리,E,에너지 소비 및 효율화,"유럽연합(EU)이 작년에 이어 올해 유엔 기후 정상회의에서도, 이른바 글로벌 화석연료 단계적 퇴출 제안을 다시 밀어붙일 것으로 보인다. 앞서 지난해 COP27 정상회의에서도 EU 등을 주축으로 유사한 협상안이 제시됐지만 당시 200여 개국 중 80여 개국만 지지하는 데 그쳤다. EU는 11월 두바이에서 열리는 COP28을 앞두고 마련한 협상 입장 초안에서, 기후중립 경제로 전환하려면 전 세계적으로 화석연료 사용을 단계적으로 중단해야 할 것이며, 화석연료 소비의 정점도 이미 근접했다고 적시했다고 로이터 통신이 보도했다. COP28 합의가 법적 구속력이 있는 건 아니지만, 구체적 합의가 도출될 경우 전 세계적으로 화석연료 사용량을 크게 줄일 수 있는 동력이 될 것이라고 전문가들은 보고 있다."
100,301,리스크_장기,장기,리스크,0.3292,0.3479,0.1836,1,1,1,1,3,2,0.4774,negative,0.5508,0.6316432952880859,에너지 관리,E,에너지 소비 및 효율화,"국제통화기금(IMF)이 세계가 탄소 배출로 일으킨 피해액 즉, 기후 부채(climate debt)를 산출한 결과 피해액이 2035년에는 139조달러(약 18경원)이 넘어설 것이라는 예측이 나왔다. 기후 부채(climate debt)란 탄소 배출로 벌어진 부정적 기후변화가 입힌 피해를 국가별 경제 규모와 화석연료 사용량 등을 종합해 금액으로 환산한 것이다. 지금까지 기후 부채를 가장 많이 진 나라는 미국이며, 앞으로는 중국이 될 것으로 분석됐다. 연구자들은 각국이 발표한 2030년 국제온실가스감축목표(NDC)를 충실히 지킨다고 가정하면 지금까지 누적된 기후 빚에서 9조6천억 달러(약 1경2676조원)를 상환할 수 있을 것으로 분석했다."
